Month_name,Monthsort,Weekday,Weekdaysort,Time_of_Day,hour_of_day,cash_type,total_orders,total_items_sold,total_revenue,average_order_value,units_per_transaction
sty,1,pon.,1,Morning,8,card,4,4,113.64,28.41,1.0
sty,1,pon.,1,Morning,9,card,1,1,30.86,30.86,1.0
sty,1,pon.,1,Morning,10,card,1,1,30.86,30.86,1.0
sty,1,pon.,1,Morning,11,card,1,1,25.96,25.96,1.0
sty,1,pon.,1,Afternoon,12,card,2,3,139.60000000000002,46.53,1.67
sty,1,pon.,1,Afternoon,13,card,4,4,123.44,30.86,1.0
sty,1,pon.,1,Afternoon,14,card,1,2,143.04,71.52,2.0
sty,1,pon.,1,Afternoon,15,card,1,3,263.04,87.68,3.0
sty,1,pon.,1,Afternoon,16,card,1,1,35.76,35.76,1.0
sty,1,pon.,1,Night,18,card,1,1,35.76,35.76,1.0
sty,1,pon.,1,Night,19,card,3,3,97.47999999999999,32.49,1.0
sty,1,pon.,1,Night,20,card,3,4,199.85999999999996,49.96,1.5
sty,1,pon.,1,Night,21,card,1,1,35.76,35.76,1.0
sty,1,wt.,2,Morning,7,card,1,1,35.76,35.76,1.0
sty,1,wt.,2,Morning,8,card,4,4,128.34,32.09,1.0
sty,1,wt.,2,Morning,9,card,2,2,51.92,25.96,1.0
sty,1,wt.,2,Morning,10,card,1,1,30.86,30.86,1.0
sty,1,wt.,2,Morning,11,card,1,1,30.86,30.86,1.0
sty,1,wt.,2,Afternoon,12,card,2,2,61.72,30.86,1.0
sty,1,wt.,2,Afternoon,13,card,1,1,35.76,35.76,1.0
sty,1,wt.,2,Afternoon,15,card,1,1,25.96,25.96,1.0
sty,1,wt.,2,Afternoon,16,card,2,4,246.88,61.72,2.0
sty,1,wt.,2,Night,17,card,1,1,25.96,25.96,1.0
sty,1,wt.,2,Night,18,card,2,3,178.8,59.6,1.67
sty,1,wt.,2,Night,19,card,2,2,61.72,30.86,1.0
sty,1,wt.,2,Night,20,card,2,2,71.52,35.76,1.0
sty,1,wt.,2,Night,21,card,1,1,35.76,35.76,1.0
sty,1,wt.,2,Night,22,card,1,2,143.04,71.52,2.0
sty,1,śr.,3,Morning,7,card,1,1,30.86,30.86,1.0
sty,1,śr.,3,Morning,9,card,3,3,92.58,30.86,1.0
sty,1,śr.,3,Morning,10,card,1,1,25.96,25.96,1.0
sty,1,śr.,3,Morning,11,card,2,2,47.019999999999996,23.51,1.0
sty,1,śr.,3,Afternoon,13,card,1,1,35.76,35.76,1.0
sty,1,śr.,3,Afternoon,15,card,2,3,178.8,59.6,1.67
sty,1,śr.,3,Afternoon,16,card,2,2,61.72,30.86,1.0
sty,1,śr.,3,Night,17,card,2,2,66.62,33.31,1.0
sty,1,śr.,3,Night,18,card,2,2,71.52,35.76,1.0
sty,1,śr.,3,Night,19,card,4,6,308.6,51.43,1.67
sty,1,śr.,3,Night,20,card,1,1,30.86,30.86,1.0
sty,1,śr.,3,Night,21,card,1,1,35.76,35.76,1.0
sty,1,czw.,4,Morning,8,card,2,2,61.72,30.86,1.0
sty,1,czw.,4,Morning,9,card,5,5,159.2,31.84,1.0
sty,1,czw.,4,Morning,10,card,2,2,61.72,30.86,1.0
sty,1,czw.,4,Morning,11,card,1,1,25.96,25.96,1.0
sty,1,czw.,4,Afternoon,12,card,2,2,61.72,30.86,1.0
sty,1,czw.,4,Afternoon,13,card,2,3,169.0,56.33,1.67
sty,1,czw.,4,Afternoon,14,card,3,4,155.76,38.94,1.5
sty,1,czw.,4,Afternoon,15,card,3,4,185.16,46.29,1.5
sty,1,czw.,4,Afternoon,16,card,3,4,194.96,48.74,1.5
sty,1,czw.,4,Night,17,card,2,2,71.52,35.76,1.0
sty,1,czw.,4,Night,18,card,3,3,92.58,30.86,1.0
sty,1,czw.,4,Night,20,card,1,1,30.86,30.86,1.0
sty,1,czw.,4,Night,21,card,2,3,169.0,56.33,1.67
sty,1,czw.,4,Night,22,card,1,1,35.76,35.76,1.0
sty,1,pt.,5,Morning,7,card,1,1,35.76,35.76,1.0
sty,1,pt.,5,Morning,8,card,4,6,318.4,53.07,1.67
sty,1,pt.,5,Morning,9,card,6,7,297.34,42.48,1.29
sty,1,pt.,5,Morning,10,card,1,1,30.86,30.86,1.0
sty,1,pt.,5,Afternoon,12,card,2,2,71.52,35.76,1.0
sty,1,pt.,5,Afternoon,13,card,1,2,123.44,61.72,2.0
sty,1,pt.,5,Afternoon,14,card,2,3,178.8,59.6,1.67
sty,1,pt.,5,Afternoon,15,card,1,1,35.76,35.76,1.0
sty,1,pt.,5,Afternoon,16,card,2,2,61.72,30.86,1.0
sty,1,pt.,5,Night,17,card,5,5,164.1,32.82,1.0
sty,1,pt.,5,Night,21,card,2,2,71.52,35.76,1.0
sty,1,pt.,5,Night,22,card,7,8,323.29999999999995,40.41,1.25
sty,1,sob.,6,Morning,7,card,1,1,30.86,30.86,1.0
sty,1,sob.,6,Morning,8,card,1,1,25.96,25.96,1.0
sty,1,sob.,6,Morning,9,card,1,1,25.96,25.96,1.0
sty,1,sob.,6,Morning,10,card,2,2,66.62,33.31,1.0
sty,1,sob.,6,Morning,11,card,2,3,169.0,56.33,1.67
sty,1,sob.,6,Afternoon,12,card,1,2,143.04,71.52,2.0
sty,1,sob.,6,Afternoon,13,card,2,2,71.52,35.76,1.0
sty,1,sob.,6,Afternoon,14,card,5,6,261.58000000000004,43.6,1.33
sty,1,sob.,6,Afternoon,15,card,1,1,35.76,35.76,1.0
sty,1,sob.,6,Afternoon,16,card,2,7,835.20000000000016,119.31,3.57
sty,1,sob.,6,Night,17,card,2,3,139.60000000000002,46.53,1.67
sty,1,sob.,6,Night,18,card,2,2,56.82,28.41,1.0
sty,1,sob.,6,Night,22,card,1,1,35.76,35.76,1.0
sty,1,niedz.,7,Morning,9,card,1,1,30.86,30.86,1.0
sty,1,niedz.,7,Morning,10,card,1,1,35.76,35.76,1.0
sty,1,niedz.,7,Morning,11,card,2,3,144.5,48.17,1.67
sty,1,niedz.,7,Afternoon,12,card,1,2,94.04,47.02,2.0
sty,1,niedz.,7,Afternoon,16,card,1,1,35.76,35.76,1.0
sty,1,niedz.,7,Night,20,card,1,1,30.86,30.86,1.0
sty,1,niedz.,7,Night,22,card,1,1,30.86,30.86,1.0
lut,2,pon.,1,Morning,6,card,1,1,35.76,35.76,1.0
lut,2,pon.,1,Morning,7,card,2,3,159.20000000000002,53.07,1.67
lut,2,pon.,1,Morning,8,card,5,5,129.8,25.96,1.0
lut,2,pon.,1,Morning,9,card,5,5,159.2,31.84,1.0
lut,2,pon.,1,Morning,10,card,8,9,334.55999999999995,37.17,1.22
lut,2,pon.,1,Morning,11,card,3,3,82.78,27.59,1.0
lut,2,pon.,1,Afternoon,12,card,2,2,107.28,53.64,1.5
lut,2,pon.,1,Afternoon,13,card,8,8,287.53999999999996,35.94,1.13
lut,2,pon.,1,Afternoon,14,card,6,8,461.44,57.68,1.75
lut,2,pon.,1,Afternoon,15,card,9,9,297.34,33.04,1.0
lut,2,pon.,1,Afternoon,16,card,7,7,241.97999999999996,34.57,1.14
lut,2,pon.,1,Night,17,card,10,12,539.31999999999994,44.94,1.42
lut,2,pon.,1,Night,18,card,5,5,149.4,29.88,1.0
lut,2,pon.,1,Night,19,card,6,8,385.02,48.13,1.5
lut,2,pon.,1,Night,20,card,3,3,107.28,35.76,1.0
lut,2,wt.,2,Morning,8,card,3,5,248.33999999999997,49.67,1.8
lut,2,wt.,2,Morning,10,card,4,4,103.83999999999999,25.96,1.0
lut,2,wt.,2,Morning,11,card,8,8,227.28000000000003,28.41,1.0
lut,2,wt.,2,Afternoon,12,card,3,3,97.47999999999999,32.49,1.0
lut,2,wt.,2,Afternoon,13,card,4,4,118.53999999999999,29.63,1.0
lut,2,wt.,2,Afternoon,14,card,4,4,118.53999999999999,29.63,1.0
lut,2,wt.,2,Afternoon,15,card,1,1,35.76,35.76,1.0
lut,2,wt.,2,Afternoon,16,card,3,4,155.76,38.94,1.5
lut,2,wt.,2,Night,17,card,6,10,750.44,75.04,2.4
lut,2,wt.,2,Night,18,card,2,2,66.62,33.31,1.0
lut,2,wt.,2,Night,19,card,6,8,419.31999999999994,52.41,1.5
lut,2,wt.,2,Night,20,card,2,2,71.52,35.76,1.0
lut,2,wt.,2,Night,21,card,1,1,30.86,30.86,1.0
lut,2,śr.,3,Morning,7,card,2,2,61.72,30.86,1.0
lut,2,śr.,3,Morning,8,card,6,6,180.26,30.04,1.0
lut,2,śr.,3,Morning,9,card,3,3,97.47999999999999,32.49,1.0
lut,2,śr.,3,Morning,10,card,6,7,277.74,39.68,1.29
lut,2,śr.,3,Morning,11,card,2,4,264.5,66.13,2.5
lut,2,śr.,3,Afternoon,12,card,4,4,113.63999999999999,28.41,1.0
lut,2,śr.,3,Afternoon,13,card,7,8,269.4,33.67,1.25
lut,2,śr.,3,Afternoon,14,card,1,1,35.76,35.76,1.0
lut,2,śr.,3,Afternoon,15,card,10,11,406.08000000000004,36.92,1.18
lut,2,śr.,3,Afternoon,16,card,9,10,409.51999999999992,40.95,1.2
lut,2,śr.,3,Night,17,card,6,6,185.16,30.86,1.0
lut,2,śr.,3,Night,18,card,7,8,352.69999999999993,44.09,1.25
lut,2,śr.,3,Night,19,card,4,5,250.32,50.06,1.4
lut,2,śr.,3,Night,20,card,4,4,143.04,35.76,1.0
lut,2,śr.,3,Night,21,card,1,1,35.76,35.76,1.0
lut,2,czw.,4,Morning,7,card,5,5,168.99999999999997,33.8,1.0
lut,2,czw.,4,Morning,8,card,1,1,25.96,25.96,1.0
lut,2,czw.,4,Morning,9,card,3,3,82.78,27.59,1.0
lut,2,czw.,4,Morning,10,card,6,7,258.14,36.88,1.29
lut,2,czw.,4,Morning,11,card,1,1,35.76,35.76,1.0
lut,2,czw.,4,Afternoon,12,card,1,1,35.76,35.76,1.0
lut,2,czw.,4,Afternoon,13,card,3,3,87.68,29.23,1.0
lut,2,czw.,4,Afternoon,14,card,6,7,267.94,38.28,1.29
lut,2,czw.,4,Afternoon,15,card,2,2,47.019999999999996,23.51,1.0
lut,2,czw.,4,Afternoon,16,card,5,6,272.84,45.47,1.5
lut,2,czw.,4,Night,17,card,9,9,318.4,35.38,1.11
lut,2,czw.,4,Night,18,card,6,7,312.03999999999996,44.58,1.29
lut,2,czw.,4,Night,19,card,6,6,199.85999999999996,33.31,1.0
lut,2,czw.,4,Night,20,card,5,5,178.79999999999998,35.76,1.0
lut,2,pt.,5,Morning,6,card,2,3,149.4,49.8,1.67
lut,2,pt.,5,Morning,7,card,1,1,35.76,35.76,1.0
lut,2,pt.,5,Morning,8,card,2,2,51.92,25.96,1.0
lut,2,pt.,5,Morning,9,card,5,5,154.29999999999998,30.86,1.0
lut,2,pt.,5,Morning,10,card,2,2,51.92,25.96,1.0
lut,2,pt.,5,Morning,11,card,2,2,56.82,28.41,1.0
lut,2,pt.,5,Afternoon,12,card,7,7,196.42000000000002,28.06,1.0
lut,2,pt.,5,Afternoon,13,card,1,1,25.96,25.96,1.0
lut,2,pt.,5,Afternoon,14,card,7,9,352.18,39.13,1.44
lut,2,pt.,5,Afternoon,15,card,7,10,513.36,51.34,1.6
lut,2,pt.,5,Afternoon,16,card,8,10,481.03999999999991,48.1,1.4
lut,2,pt.,5,Night,17,card,7,8,293.9,36.74,1.25
lut,2,pt.,5,Night,18,card,4,5,230.72,46.14,1.4
lut,2,pt.,5,Night,19,card,2,3,178.8,59.6,1.67
lut,2,pt.,5,Night,20,card,2,2,61.72,30.86,1.0
lut,2,pt.,5,Night,21,card,1,1,25.96,25.96,1.0
lut,2,sob.,6,Morning,8,card,1,1,30.86,30.86,1.0
lut,2,sob.,6,Morning,9,card,2,2,61.72,30.86,1.0
lut,2,sob.,6,Morning,10,card,3,3,97.47999999999999,32.49,1.0
lut,2,sob.,6,Morning,11,card,4,4,103.84,25.96,1.0
lut,2,sob.,6,Afternoon,12,card,3,4,170.45999999999998,42.61,1.5
lut,2,sob.,6,Afternoon,13,card,4,5,191.52000000000004,38.3,1.4
lut,2,sob.,6,Afternoon,14,card,3,4,204.76,51.19,1.5
lut,2,sob.,6,Afternoon,15,card,5,6,241.98000000000002,40.33,1.33
lut,2,sob.,6,Night,18,card,1,1,35.76,35.76,1.0
lut,2,sob.,6,Night,19,card,1,2,123.44,61.72,2.0
lut,2,sob.,6,Night,21,card,1,1,30.86,30.86,1.0
lut,2,niedz.,7,Morning,8,card,1,1,35.76,35.76,1.0
lut,2,niedz.,7,Morning,10,card,6,8,370.32,46.29,1.5
lut,2,niedz.,7,Morning,11,card,2,2,61.72,30.86,1.0
lut,2,niedz.,7,Afternoon,12,card,4,5,230.72,46.14,1.4
lut,2,niedz.,7,Afternoon,13,card,1,1,35.76,35.76,1.0
lut,2,niedz.,7,Afternoon,14,card,3,4,209.65999999999997,52.41,1.5
lut,2,niedz.,7,Afternoon,15,card,3,4,214.56,53.64,1.5
lut,2,niedz.,7,Afternoon,16,card,3,3,97.47999999999999,32.49,1.0
lut,2,niedz.,7,Night,17,card,3,4,190.06,47.52,1.5
mar,3,pon.,1,Morning,6,card,1,1,25.96,25.96,1.0
mar,3,pon.,1,Morning,8,card,4,5,211.12,42.22,1.4
mar,3,pon.,1,Morning,9,card,5,6,276.28,46.05,1.33
mar,3,pon.,1,Morning,10,card,7,7,249.33999999999997,35.62,1.0
mar,3,pon.,1,Morning,10,cash,1,1,40.0,40.0,1.0
mar,3,pon.,1,Morning,11,card,3,3,101.4,33.8,1.0
mar,3,pon.,1,Morning,11,cash,2,4,335.0,83.75,2.5
mar,3,pon.,1,Afternoon,12,card,2,2,61.72,30.86,1.0
mar,3,pon.,1,Afternoon,13,card,1,1,25.96,25.96,1.0
mar,3,pon.,1,Afternoon,14,card,5,6,280.2,46.7,1.33
mar,3,pon.,1,Afternoon,15,card,8,10,490.81999999999994,49.08,1.6
mar,3,pon.,1,Afternoon,16,card,11,14,671.09999999999991,47.94,1.43
mar,3,pon.,1,Night,17,card,4,6,365.42,60.9,2.0
mar,3,pon.,1,Night,18,card,5,6,269.41999999999996,44.9,1.33
mar,3,pon.,1,Night,19,card,2,2,69.56,34.78,1.0
mar,3,wt.,2,Morning,7,card,2,2,61.72,30.86,1.0
mar,3,wt.,2,Morning,8,card,4,4,123.44,30.86,1.0
mar,3,wt.,2,Morning,9,card,5,6,240.02000000000004,40.0,1.33
mar,3,wt.,2,Morning,10,cash,2,2,70.0,35.0,1.0
mar,3,wt.,2,Morning,10,card,5,8,458.5,57.31,1.75
mar,3,wt.,2,Morning,11,card,7,9,397.26,44.14,1.44
mar,3,wt.,2,Afternoon,12,card,3,4,187.11999999999998,46.78,1.5
mar,3,wt.,2,Afternoon,13,card,5,5,141.56,28.31,1.0
mar,3,wt.,2,Afternoon,14,card,3,4,224.36,56.09,1.5
mar,3,wt.,2,Afternoon,15,card,4,4,134.22000000000003,33.55,1.0
mar,3,wt.,2,Afternoon,16,card,8,9,350.23999999999995,38.92,1.22
mar,3,wt.,2,Night,17,card,7,7,258.15999999999997,36.88,1.0
mar,3,wt.,2,Night,18,card,6,7,325.76,46.54,1.29
mar,3,wt.,2,Night,19,card,2,2,71.52,35.76,1.0
mar,3,wt.,2,Night,19,cash,1,1,40.0,40.0,1.0
mar,3,wt.,2,Night,20,card,3,4,214.56,53.64,1.5
mar,3,wt.,2,Night,21,card,1,1,35.76,35.76,1.0
mar,3,śr.,3,Morning,7,card,3,3,87.68,29.23,1.0
mar,3,śr.,3,Morning,8,card,2,2,56.82,28.41,1.0
mar,3,śr.,3,Morning,9,card,1,1,25.96,25.96,1.0
mar,3,śr.,3,Morning,10,card,4,5,206.22000000000003,41.24,1.4
mar,3,śr.,3,Morning,11,card,12,15,644.14,42.94,1.4
mar,3,śr.,3,Afternoon,12,cash,3,3,100.0,33.33,1.0
mar,3,śr.,3,Afternoon,12,card,7,8,291.94,36.49,1.25
mar,3,śr.,3,Afternoon,13,card,5,6,264.52000000000004,44.09,1.33
mar,3,śr.,3,Afternoon,14,card,3,5,323.8,64.76,1.8
mar,3,śr.,3,Afternoon,15,card,6,7,274.79999999999995,39.26,1.29
mar,3,śr.,3,Night,16,card,1,1,35.76,35.76,1.0
mar,3,śr.,3,Afternoon,16,card,10,11,426.65999999999991,38.79,1.18
mar,3,śr.,3,Night,17,card,6,6,188.10000000000002,31.35,1.0
mar,3,śr.,3,Night,18,card,10,10,282.14,28.21,1.0
mar,3,śr.,3,Night,19,card,1,1,35.76,35.76,1.0
mar,3,śr.,3,Night,19,cash,1,1,40.0,40.0,1.0
mar,3,czw.,4,Morning,7,card,1,1,35.76,35.76,1.0
mar,3,czw.,4,Morning,8,card,2,2,61.72,30.86,1.0
mar,3,czw.,4,Morning,9,card,8,8,232.18,29.02,1.0
mar,3,czw.,4,Morning,10,card,7,9,410.98,45.66,1.44
mar,3,czw.,4,Morning,10,cash,3,3,120.0,40.0,1.0
mar,3,czw.,4,Morning,11,card,4,4,126.38000000000001,31.59,1.0
mar,3,czw.,4,Morning,11,cash,1,1,40.0,40.0,1.0
mar,3,czw.,4,Afternoon,12,card,3,4,196.92000000000002,49.23,1.5
mar,3,czw.,4,Afternoon,13,card,4,5,209.16000000000003,41.83,1.4
mar,3,czw.,4,Afternoon,14,card,8,9,303.19999999999993,33.69,1.22
mar,3,czw.,4,Afternoon,15,card,5,5,153.32,30.66,1.0
mar,3,czw.,4,Afternoon,16,card,4,4,124.41999999999999,31.1,1.0
mar,3,czw.,4,Night,17,card,5,6,244.92000000000002,40.82,1.33
mar,3,czw.,4,Night,17,cash,1,1,30.0,30.0,1.0
mar,3,czw.,4,Night,18,card,4,4,145.98000000000002,36.49,1.0
mar,3,czw.,4,Night,19,card,5,5,169.98000000000002,34.0,1.0
mar,3,czw.,4,Night,21,card,1,1,35.76,35.76,1.0
mar,3,pt.,5,Morning,7,card,3,4,185.16,46.29,1.5
mar,3,pt.,5,Morning,8,card,6,8,326.22,40.78,1.5
mar,3,pt.,5,Morning,9,card,4,4,108.73999999999998,27.18,1.0
mar,3,pt.,5,Morning,10,cash,1,1,40.0,40.0,1.0
mar,3,pt.,5,Morning,10,card,10,12,542.76,45.23,1.33
mar,3,pt.,5,Morning,11,card,3,3,97.47999999999999,32.49,1.0
mar,3,pt.,5,Afternoon,12,card,5,6,301.76,50.29,1.33
mar,3,pt.,5,Afternoon,13,cash,1,1,40.0,40.0,1.0
mar,3,pt.,5,Afternoon,13,card,8,8,253.73999999999995,31.72,1.0
mar,3,pt.,5,Afternoon,14,card,6,7,287.53999999999996,41.08,1.29
mar,3,pt.,5,Afternoon,15,card,9,9,310.08,34.45,1.0
mar,3,pt.,5,Afternoon,16,cash,1,1,40.0,40.0,1.0
mar,3,pt.,5,Afternoon,16,card,4,5,243.45999999999998,48.69,1.4
mar,3,pt.,5,Night,17,card,11,12,436.93999999999988,36.41,1.17
mar,3,pt.,5,Night,18,card,6,6,201.82,33.64,1.0
mar,3,pt.,5,Night,19,card,2,3,178.8,59.6,1.67
mar,3,pt.,5,Night,20,card,1,1,25.96,25.96,1.0
mar,3,pt.,5,Night,21,card,1,1,25.96,25.96,1.0
mar,3,sob.,6,Morning,9,card,4,4,123.44,30.86,1.0
mar,3,sob.,6,Morning,10,cash,1,1,40.0,40.0,1.0
mar,3,sob.,6,Morning,10,card,8,8,263.53999999999996,32.94,1.0
mar,3,sob.,6,Morning,11,card,7,8,299.78000000000003,37.47,1.25
mar,3,sob.,6,Morning,11,cash,1,1,40.0,40.0,1.0
mar,3,sob.,6,Afternoon,12,card,9,11,446.24,40.57,1.36
mar,3,sob.,6,Afternoon,13,cash,1,1,40.0,40.0,1.0
mar,3,sob.,6,Afternoon,13,card,8,10,481.04000000000008,48.1,1.4
mar,3,sob.,6,Afternoon,14,card,5,5,170.95999999999998,34.19,1.0
mar,3,sob.,6,Afternoon,15,card,5,6,251.77999999999997,41.96,1.33
mar,3,sob.,6,Afternoon,16,card,8,9,375.71999999999997,41.75,1.22
mar,3,sob.,6,Night,17,card,6,6,186.14,31.02,1.0
mar,3,sob.,6,Night,19,card,4,5,252.28,50.46,1.4
mar,3,niedz.,7,Morning,7,cash,1,2,130.0,65.0,2.0
mar,3,niedz.,7,Morning,9,card,4,4,123.44,30.86,1.0
mar,3,niedz.,7,Morning,10,cash,4,4,160.0,40.0,1.0
mar,3,niedz.,7,Morning,10,card,5,5,184.68,36.94,1.0
mar,3,niedz.,7,Morning,11,card,3,3,83.759999999999991,27.92,1.0
mar,3,niedz.,7,Afternoon,12,card,4,4,129.32,32.33,1.0
mar,3,niedz.,7,Afternoon,13,card,3,3,105.32000000000001,35.11,1.0
mar,3,niedz.,7,Afternoon,14,card,3,4,194.95999999999998,48.74,1.5
mar,3,niedz.,7,Afternoon,15,card,7,8,293.9,36.74,1.25
mar,3,niedz.,7,Night,17,cash,1,1,35.0,35.0,1.0
mar,3,niedz.,7,Night,17,card,2,2,67.6,33.8,1.0
mar,3,niedz.,7,Night,18,card,3,5,393.36,78.67,2.2
mar,3,niedz.,7,Night,19,cash,1,1,30.0,30.0,1.0
mar,3,niedz.,7,Night,19,card,1,2,135.20000000000002,67.6,2.0
kwi,4,pon.,1,Morning,10,card,3,5,362.0,72.4,2.2
kwi,4,pon.,1,Morning,11,card,7,7,218.95999999999998,31.28,1.0
kwi,4,pon.,1,Afternoon,12,cash,1,1,25.0,25.0,1.0
kwi,4,pon.,1,Afternoon,13,card,2,4,233.16000000000003,58.29,2.0
kwi,4,pon.,1,Afternoon,15,cash,1,1,35.0,35.0,1.0
kwi,4,pon.,1,Afternoon,16,card,1,1,38.7,38.7,1.0
kwi,4,pon.,1,Night,17,cash,1,1,40.0,40.0,1.0
kwi,4,pon.,1,Night,17,card,2,2,62.699999999999996,31.35,1.0
kwi,4,pon.,1,Night,18,cash,1,1,39.0,39.0,1.0
kwi,4,pon.,1,Night,18,card,4,4,139.12,34.78,1.0
kwi,4,pon.,1,Night,19,cash,1,1,25.0,25.0,1.0
kwi,4,pon.,1,Night,19,card,5,6,294.9,49.15,1.33
kwi,4,pon.,1,Night,20,cash,1,1,39.0,39.0,1.0
kwi,4,wt.,2,Morning,10,cash,2,3,175.0,58.33,1.67
kwi,4,wt.,2,Morning,10,card,4,5,241.5,48.3,1.4
kwi,4,wt.,2,Morning,11,card,1,1,38.7,38.7,1.0
kwi,4,wt.,2,Afternoon,12,card,2,2,67.6,33.8,1.0
kwi,4,wt.,2,Afternoon,13,card,1,2,121.48,60.74,2.0
kwi,4,wt.,2,Afternoon,14,card,3,3,108.25999999999999,36.09,1.0
kwi,4,wt.,2,Afternoon,15,card,2,2,67.6,33.8,1.0
kwi,4,wt.,2,Afternoon,16,card,1,2,115.6,57.8,2.0
kwi,4,wt.,2,Night,17,card,3,3,111.2,37.07,1.0
kwi,4,wt.,2,Night,18,card,1,1,38.7,38.7,1.0
kwi,4,wt.,2,Night,19,cash,1,1,40.0,40.0,1.0
kwi,4,wt.,2,Night,19,card,3,5,310.08000000000004,62.02,1.8
kwi,4,śr.,3,Morning,10,card,3,4,186.14,46.53,1.5
kwi,4,śr.,3,Morning,10,cash,1,1,25.0,25.0,1.0
kwi,4,śr.,3,Morning,11,card,2,2,65.64,32.82,1.0
kwi,4,śr.,3,Afternoon,12,card,1,1,32.82,32.82,1.0
kwi,4,śr.,3,Afternoon,13,card,3,3,91.6,30.53,1.0
kwi,4,śr.,3,Afternoon,15,cash,1,1,30.0,30.0,1.0
kwi,4,śr.,3,Afternoon,16,card,1,1,32.82,32.82,1.0
kwi,4,śr.,3,Afternoon,16,cash,1,1,40.0,40.0,1.0
kwi,4,śr.,3,Night,17,cash,1,1,40.0,40.0,1.0
kwi,4,śr.,3,Night,17,card,2,3,178.8,59.6,1.67
kwi,4,śr.,3,Night,18,card,2,2,67.6,33.8,1.0
kwi,4,śr.,3,Night,19,card,1,2,141.08,70.54,2.0
kwi,4,śr.,3,Night,20,card,1,1,38.7,38.7,1.0
kwi,4,czw.,4,Morning,10,card,3,4,182.22,45.55,1.5
kwi,4,czw.,4,Morning,11,card,3,4,193.0,48.25,1.5
kwi,4,czw.,4,Afternoon,12,card,1,1,28.9,28.9,1.0
kwi,4,czw.,4,Afternoon,13,card,1,2,125.39999999999999,62.7,2.0
kwi,4,czw.,4,Afternoon,14,card,1,2,154.8,77.4,2.0
kwi,4,czw.,4,Afternoon,15,card,1,1,37.72,37.72,1.0
kwi,4,czw.,4,Afternoon,16,card,1,1,38.7,38.7,1.0
kwi,4,czw.,4,Night,17,card,2,3,150.38,50.13,1.67
kwi,4,czw.,4,Night,18,card,1,1,38.7,38.7,1.0
kwi,4,czw.,4,Night,19,card,4,4,149.9,37.48,1.0
kwi,4,czw.,4,Night,19,cash,1,1,40.0,40.0,1.0
kwi,4,pt.,5,Morning,10,card,4,4,134.22,33.55,1.0
kwi,4,pt.,5,Morning,11,card,1,1,28.9,28.9,1.0
kwi,4,pt.,5,Afternoon,12,card,2,2,71.52,35.76,1.0
kwi,4,pt.,5,Afternoon,13,card,3,5,337.52,67.5,1.8
kwi,4,pt.,5,Afternoon,14,card,1,2,135.20000000000002,67.6,2.0
kwi,4,pt.,5,Afternoon,15,card,1,2,111.68,55.84,2.0
kwi,4,pt.,5,Afternoon,15,cash,2,3,180.0,60.0,1.67
kwi,4,pt.,5,Afternoon,16,cash,1,1,40.0,40.0,1.0
kwi,4,pt.,5,Afternoon,16,card,3,3,79.84,26.61,1.0
kwi,4,pt.,5,Night,18,card,2,2,72.5,36.25,1.0
kwi,4,pt.,5,Night,19,card,3,4,218.48,54.62,1.5
kwi,4,sob.,6,Morning,11,cash,1,1,35.0,35.0,1.0
kwi,4,sob.,6,Afternoon,12,card,4,5,236.6,47.32,1.4
kwi,4,sob.,6,Afternoon,13,card,1,3,304.20000000000005,101.4,3.0
kwi,4,sob.,6,Afternoon,14,card,3,4,212.60000000000002,53.15,1.5
kwi,4,sob.,6,Afternoon,15,card,4,4,137.16,34.29,1.0
kwi,4,sob.,6,Afternoon,15,cash,1,2,160.0,80.0,2.0
kwi,4,sob.,6,Afternoon,16,card,1,2,154.8,77.4,2.0
kwi,4,sob.,6,Night,17,card,2,2,77.4,38.7,1.0
kwi,4,sob.,6,Night,17,cash,1,1,39.0,39.0,1.0
kwi,4,sob.,6,Night,18,card,1,2,150.88,75.44,2.0
kwi,4,sob.,6,Night,19,card,1,1,37.72,37.72,1.0
kwi,4,niedz.,7,Morning,10,cash,1,1,40.0,40.0,1.0
kwi,4,niedz.,7,Morning,10,card,2,2,76.42,38.21,1.0
kwi,4,niedz.,7,Morning,11,card,1,1,37.72,37.72,1.0
kwi,4,niedz.,7,Afternoon,12,card,3,4,231.22,57.8,1.5
kwi,4,niedz.,7,Afternoon,12,cash,1,3,285.0,95.0,3.0
kwi,4,niedz.,7,Afternoon,13,card,1,1,28.9,28.9,1.0
kwi,4,niedz.,7,Afternoon,14,card,3,6,393.82,65.64,2.33
kwi,4,niedz.,7,Afternoon,15,card,1,1,38.7,38.7,1.0
kwi,4,niedz.,7,Afternoon,16,card,1,1,28.9,28.9,1.0
kwi,4,niedz.,7,Night,17,card,1,1,38.7,38.7,1.0
kwi,4,niedz.,7,Night,17,cash,1,1,39.0,39.0,1.0
kwi,4,niedz.,7,Night,18,card,4,6,333.1,55.52,1.67
maj,5,pon.,1,Morning,10,card,7,8,333.1,41.64,1.25
maj,5,pon.,1,Morning,11,cash,1,1,29.0,29.0,1.0
maj,5,pon.,1,Morning,11,card,3,4,172.42000000000002,43.11,1.5
maj,5,pon.,1,Afternoon,13,card,2,4,223.36,55.84,2.0
maj,5,pon.,1,Afternoon,14,cash,1,1,29.0,29.0,1.0
maj,5,pon.,1,Afternoon,14,card,2,4,282.16,70.54,2.0
maj,5,pon.,1,Afternoon,15,card,1,2,111.68,55.84,2.0
maj,5,pon.,1,Afternoon,15,cash,1,2,116.0,58.0,2.0
maj,5,pon.,1,Night,17,card,3,3,113.16,37.72,1.0
maj,5,pon.,1,Night,18,card,1,1,27.92,27.92,1.0
maj,5,pon.,1,Night,19,card,3,4,226.32,56.58,1.5
maj,5,pon.,1,Night,20,card,2,3,169.0,56.33,1.67
maj,5,pon.,1,Night,21,card,3,4,201.82,50.45,1.5
maj,5,wt.,2,Morning,8,card,3,5,321.82,64.36,2.2
maj,5,wt.,2,Morning,9,cash,1,3,306.0,102.0,3.0
maj,5,wt.,2,Morning,9,card,1,1,32.82,32.82,1.0
maj,5,wt.,2,Morning,10,card,2,2,75.44,37.72,1.0
maj,5,wt.,2,Morning,10,cash,1,1,39.0,39.0,1.0
maj,5,wt.,2,Morning,11,card,3,4,216.51999999999998,54.13,1.5
maj,5,wt.,2,Afternoon,13,card,2,2,65.64,32.82,1.0
maj,5,wt.,2,Afternoon,14,card,3,3,108.25999999999999,36.09,1.0
maj,5,wt.,2,Afternoon,15,card,1,1,27.92,27.92,1.0
maj,5,wt.,2,Afternoon,16,card,5,6,272.36,45.39,1.33
maj,5,wt.,2,Night,17,card,1,2,150.88,75.44,2.0
maj,5,wt.,2,Night,17,cash,1,1,39.0,39.0,1.0
maj,5,wt.,2,Night,18,card,1,1,23.02,23.02,1.0
maj,5,wt.,2,Night,18,cash,1,1,34.0,34.0,1.0
maj,5,wt.,2,Night,19,card,3,5,319.88,63.98,1.8
maj,5,wt.,2,Night,20,card,3,3,98.460000000000008,32.82,1.0
maj,5,wt.,2,Night,22,card,1,1,37.72,37.72,1.0
maj,5,śr.,3,Morning,8,card,1,1,37.72,37.72,1.0
maj,5,śr.,3,Morning,9,card,2,2,75.44,37.72,1.0
maj,5,śr.,3,Morning,10,card,2,2,70.539999999999992,35.27,1.0
maj,5,śr.,3,Morning,10,cash,1,1,39.0,39.0,1.0
maj,5,śr.,3,Morning,11,card,4,5,200.34,40.07,1.4
maj,5,śr.,3,Afternoon,12,card,1,2,111.68,55.84,2.0
maj,5,śr.,3,Afternoon,13,card,2,4,284.1,71.03,2.5
maj,5,śr.,3,Afternoon,14,card,3,3,88.66,29.55,1.0
maj,5,śr.,3,Afternoon,14,cash,1,1,29.0,29.0,1.0
maj,5,śr.,3,Afternoon,15,card,3,3,103.36,34.45,1.0
maj,5,śr.,3,Afternoon,16,card,1,1,37.72,37.72,1.0
maj,5,śr.,3,Night,17,card,1,1,23.02,23.02,1.0
maj,5,śr.,3,Night,18,card,1,2,131.28,65.64,2.0
maj,5,śr.,3,Night,19,card,1,2,150.88,75.44,2.0
maj,5,śr.,3,Night,20,card,3,3,113.16,37.72,1.0
maj,5,śr.,3,Night,21,card,1,2,150.88,75.44,2.0
maj,5,czw.,4,Morning,8,card,2,3,183.7,61.23,1.67
maj,5,czw.,4,Morning,9,card,1,1,37.72,37.72,1.0
maj,5,czw.,4,Morning,10,card,4,4,131.28,32.82,1.0
maj,5,czw.,4,Morning,11,cash,2,3,195.0,65.0,1.67
maj,5,czw.,4,Afternoon,12,card,3,3,93.56,31.19,1.0
maj,5,czw.,4,Afternoon,13,card,2,5,597.1400000000001,119.43,3.4
maj,5,czw.,4,Afternoon,14,card,1,1,32.82,32.82,1.0
maj,5,czw.,4,Afternoon,15,card,5,5,159.2,31.84,1.0
maj,5,czw.,4,Afternoon,16,card,3,4,187.12,46.78,1.5
maj,5,czw.,4,Night,17,card,2,3,188.6,62.87,1.67
maj,5,czw.,4,Night,18,card,5,6,282.15999999999997,47.03,1.33
maj,5,czw.,4,Night,19,card,6,7,329.67999999999995,47.1,1.29
maj,5,czw.,4,Night,20,card,3,5,329.68,65.94,1.8
maj,5,czw.,4,Night,22,cash,1,1,39.0,39.0,1.0
maj,5,czw.,4,Night,22,card,1,1,32.82,32.82,1.0
maj,5,pt.,5,Morning,7,card,1,1,32.82,32.82,1.0
maj,5,pt.,5,Morning,9,card,2,2,65.64,32.82,1.0
maj,5,pt.,5,Morning,9,cash,1,1,39.0,39.0,1.0
maj,5,pt.,5,Morning,10,card,2,2,75.44,37.72,1.0
maj,5,pt.,5,Morning,10,cash,2,2,78.0,39.0,1.0
maj,5,pt.,5,Morning,11,card,3,4,172.42000000000002,43.11,1.5
maj,5,pt.,5,Afternoon,14,card,2,2,70.539999999999992,35.27,1.0
maj,5,pt.,5,Afternoon,14,cash,1,1,34.0,34.0,1.0
maj,5,pt.,5,Afternoon,15,card,1,2,150.88,75.44,2.0
maj,5,pt.,5,Afternoon,16,card,1,1,37.72,37.72,1.0
maj,5,pt.,5,Afternoon,16,cash,1,1,34.0,34.0,1.0
maj,5,pt.,5,Night,17,card,1,1,37.72,37.72,1.0
maj,5,pt.,5,Night,18,card,2,4,262.56,65.64,2.0
maj,5,pt.,5,Night,19,card,2,2,70.539999999999992,35.27,1.0
maj,5,pt.,5,Night,20,card,3,4,216.52000000000004,54.13,1.5
maj,5,pt.,5,Night,22,card,5,7,431.56000000000006,61.65,1.86
maj,5,sob.,6,Morning,7,cash,1,1,29.0,29.0,1.0
maj,5,sob.,6,Morning,8,card,1,2,150.88,75.44,2.0
maj,5,sob.,6,Morning,11,card,2,2,70.539999999999992,35.27,1.0
maj,5,sob.,6,Afternoon,12,card,3,4,201.82,50.45,1.5
maj,5,sob.,6,Afternoon,12,cash,1,1,29.0,29.0,1.0
maj,5,sob.,6,Afternoon,16,card,3,4,187.12,46.78,1.5
maj,5,sob.,6,Night,17,card,4,4,141.07999999999998,35.27,1.0
maj,5,sob.,6,Night,17,cash,1,1,39.0,39.0,1.0
maj,5,sob.,6,Night,18,card,1,1,37.72,37.72,1.0
maj,5,sob.,6,Night,19,card,2,2,70.539999999999992,35.27,1.0
maj,5,sob.,6,Night,20,card,1,1,37.72,37.72,1.0
maj,5,sob.,6,Night,22,cash,1,1,39.0,39.0,1.0
maj,5,niedz.,7,Morning,7,card,1,2,111.68,55.84,2.0
maj,5,niedz.,7,Morning,8,card,1,1,37.72,37.72,1.0
maj,5,niedz.,7,Morning,9,cash,1,1,24.0,24.0,1.0
maj,5,niedz.,7,Morning,10,card,2,2,75.44,37.72,1.0
maj,5,niedz.,7,Afternoon,12,card,1,1,32.82,32.82,1.0
maj,5,niedz.,7,Afternoon,13,card,2,2,65.64,32.82,1.0
maj,5,niedz.,7,Afternoon,14,card,4,4,121.47999999999999,30.37,1.0
maj,5,niedz.,7,Afternoon,15,card,4,4,136.18,34.05,1.0
maj,5,niedz.,7,Afternoon,16,card,1,1,32.82,32.82,1.0
maj,5,niedz.,7,Night,17,card,1,1,37.72,37.72,1.0
maj,5,niedz.,7,Night,18,card,3,7,628.48,89.78,2.71
maj,5,niedz.,7,Night,19,card,2,2,70.539999999999992,35.27,1.0
maj,5,niedz.,7,Night,20,card,1,1,75.44,75.44,2.0
maj,5,niedz.,7,Night,21,card,6,7,357.59999999999997,51.09,1.43
cze,6,pon.,1,Morning,8,card,1,1,27.92,27.92,1.0
cze,6,pon.,1,Morning,10,card,4,5,224.84,44.97,1.4
cze,6,pon.,1,Morning,11,card,2,3,183.7,61.23,1.67
cze,6,pon.,1,Afternoon,12,card,2,2,75.44,37.72,1.0
cze,6,pon.,1,Afternoon,14,card,4,4,145.98,36.49,1.0
cze,6,pon.,1,Afternoon,15,card,1,1,37.72,37.72,1.0
cze,6,pon.,1,Afternoon,16,card,2,5,460.96000000000004,92.19,2.6
cze,6,pon.,1,Night,18,card,1,1,27.92,27.92,1.0
cze,6,pon.,1,Night,19,card,2,4,301.76,75.44,2.0
cze,6,pon.,1,Night,21,card,1,1,32.82,32.82,1.0
cze,6,pon.,1,Night,21,cash,1,2,136.0,68.0,2.0
cze,6,wt.,2,Morning,8,card,1,1,37.72,37.72,1.0
cze,6,wt.,2,Morning,9,card,1,1,27.92,27.92,1.0
cze,6,wt.,2,Morning,10,card,4,4,131.28,32.82,1.0
cze,6,wt.,2,Morning,11,card,1,1,37.72,37.72,1.0
cze,6,wt.,2,Afternoon,12,card,1,2,150.88,75.44,2.0
cze,6,wt.,2,Afternoon,14,card,1,2,131.28,65.64,2.0
cze,6,wt.,2,Afternoon,15,card,1,1,37.72,37.72,1.0
cze,6,wt.,2,Night,17,card,1,2,131.28,65.64,2.0
cze,6,wt.,2,Night,18,card,1,2,150.88,75.44,2.0
cze,6,wt.,2,Night,19,card,1,2,150.88,75.44,2.0
cze,6,wt.,2,Night,20,card,3,3,103.36,34.45,1.0
cze,6,wt.,2,Night,21,card,6,10,656.40000000000009,65.64,2.0
cze,6,śr.,3,Morning,7,card,1,1,37.72,37.72,1.0
cze,6,śr.,3,Morning,8,card,2,3,178.8,59.6,1.67
cze,6,śr.,3,Morning,9,card,2,2,65.64,32.82,1.0
cze,6,śr.,3,Morning,10,card,4,4,136.18,34.05,1.0
cze,6,śr.,3,Morning,11,card,2,3,188.6,62.87,1.67
cze,6,śr.,3,Afternoon,14,card,1,1,32.82,32.82,1.0
cze,6,śr.,3,Afternoon,16,card,2,2,50.94,25.47,1.0
cze,6,śr.,3,Night,17,card,2,2,75.44,37.72,1.0
cze,6,śr.,3,Night,18,card,1,2,150.88,75.44,2.0
cze,6,śr.,3,Night,19,card,3,3,103.36,34.45,1.0
cze,6,śr.,3,Night,20,card,3,4,201.82,50.45,1.5
cze,6,śr.,3,Night,21,card,4,5,249.34000000000003,49.87,1.4
cze,6,czw.,4,Morning,8,card,3,4,196.92000000000002,49.23,1.5
cze,6,czw.,4,Morning,9,card,3,3,93.56,31.19,1.0
cze,6,czw.,4,Morning,10,card,2,2,75.44,37.72,1.0
cze,6,czw.,4,Afternoon,12,card,1,1,27.92,27.92,1.0
cze,6,czw.,4,Afternoon,15,card,2,2,70.539999999999992,35.27,1.0
cze,6,czw.,4,Afternoon,16,card,1,1,27.92,27.92,1.0
cze,6,czw.,4,Night,17,card,2,2,70.539999999999992,35.27,1.0
cze,6,czw.,4,Night,18,card,1,1,75.44,75.44,2.0
cze,6,czw.,4,Night,19,card,2,2,113.16,56.58,1.5
cze,6,czw.,4,Night,20,card,4,4,111.68,27.92,1.0
cze,6,czw.,4,Night,21,card,8,11,611.84000000000015,55.62,1.55
cze,6,pt.,5,Morning,7,card,1,1,27.92,27.92,1.0
cze,6,pt.,5,Morning,8,card,2,2,65.64,32.82,1.0
cze,6,pt.,5,Morning,9,card,1,1,37.72,37.72,1.0
cze,6,pt.,5,Morning,10,card,3,3,78.86,26.29,1.0
cze,6,pt.,5,Afternoon,12,card,1,1,37.72,37.72,1.0
cze,6,pt.,5,Afternoon,13,card,2,3,164.10000000000002,54.7,1.67
cze,6,pt.,5,Afternoon,16,card,1,2,111.68,55.84,2.0
cze,6,pt.,5,Night,17,card,1,1,23.02,23.02,1.0
cze,6,pt.,5,Night,18,card,2,2,55.84,27.92,1.0
cze,6,pt.,5,Night,19,card,4,7,531.5,75.93,2.14
cze,6,pt.,5,Night,21,card,2,2,70.539999999999992,35.27,1.0
cze,6,pt.,5,Night,22,card,1,1,37.72,37.72,1.0
cze,6,sob.,6,Morning,8,card,2,2,55.84,27.92,1.0
cze,6,sob.,6,Morning,9,card,5,5,164.1,32.82,1.0
cze,6,sob.,6,Morning,11,card,3,4,206.71999999999997,51.68,1.5
cze,6,sob.,6,Afternoon,12,card,3,8,1004.2,125.52,3.75
cze,6,sob.,6,Afternoon,14,card,1,1,32.82,32.82,1.0
cze,6,sob.,6,Afternoon,15,card,1,1,37.72,37.72,1.0
cze,6,sob.,6,Afternoon,16,card,1,1,32.82,32.82,1.0
cze,6,sob.,6,Night,17,card,1,2,150.88,75.44,2.0
cze,6,sob.,6,Night,18,card,2,3,159.2,53.07,1.67
cze,6,sob.,6,Night,20,card,3,5,339.47999999999996,67.9,1.8
cze,6,sob.,6,Night,20,cash,1,1,39.0,39.0,1.0
cze,6,sob.,6,Night,21,card,2,2,70.539999999999992,35.27,1.0
cze,6,sob.,6,Night,22,card,1,1,37.72,37.72,1.0
cze,6,niedz.,7,Morning,8,card,1,1,37.72,37.72,1.0
cze,6,niedz.,7,Morning,10,card,5,5,259.14,51.83,1.4
cze,6,niedz.,7,Morning,11,card,4,5,314.98,63.0,1.8
cze,6,niedz.,7,Afternoon,12,card,2,4,357.6,89.4,2.5
cze,6,niedz.,7,Afternoon,13,card,1,1,23.02,23.02,1.0
cze,6,niedz.,7,Afternoon,14,card,1,1,23.02,23.02,1.0
cze,6,niedz.,7,Afternoon,15,card,3,4,196.92000000000002,49.23,1.5
cze,6,niedz.,7,Afternoon,16,card,3,3,113.16,37.72,1.0
cze,6,niedz.,7,Night,17,card,1,2,131.28,65.64,2.0
cze,6,niedz.,7,Night,18,card,1,2,131.28,65.64,2.0
cze,6,niedz.,7,Night,19,card,1,1,32.82,32.82,1.0
cze,6,niedz.,7,Night,20,card,2,3,178.8,59.6,1.67
cze,6,niedz.,7,Night,21,card,6,7,319.88,45.7,1.29
cze,6,niedz.,7,Night,22,cash,1,1,34.0,34.0,1.0
lip,7,pon.,1,Morning,7,card,2,2,65.64,32.82,1.0
lip,7,pon.,1,Morning,8,card,3,3,78.86,26.29,1.0
lip,7,pon.,1,Morning,9,card,5,5,134.70000000000002,26.94,1.0
lip,7,pon.,1,Morning,10,card,2,3,159.2,53.07,1.67
lip,7,pon.,1,Afternoon,12,card,1,1,23.02,23.02,1.0
lip,7,pon.,1,Afternoon,14,card,1,1,23.02,23.02,1.0
lip,7,pon.,1,Afternoon,16,card,1,1,32.82,32.82,1.0
lip,7,pon.,1,Night,18,card,3,3,98.46,32.82,1.0
lip,7,pon.,1,Night,19,card,3,3,83.759999999999991,27.92,1.0
lip,7,pon.,1,Night,21,card,1,1,32.82,32.82,1.0
lip,7,pon.,1,Night,22,card,1,1,32.82,32.82,1.0
lip,7,wt.,2,Morning,7,card,1,1,27.92,27.92,1.0
lip,7,wt.,2,Morning,8,card,7,7,205.23999999999998,29.32,1.0
lip,7,wt.,2,Morning,9,card,2,2,50.94,25.47,1.0
lip,7,wt.,2,Morning,10,card,7,8,289.0,36.13,1.25
lip,7,wt.,2,Morning,11,card,6,8,315.44,39.43,1.5
lip,7,wt.,2,Afternoon,12,card,3,3,98.460000000000008,32.82,1.0
lip,7,wt.,2,Afternoon,14,card,1,1,27.92,27.92,1.0
lip,7,wt.,2,Afternoon,15,card,2,3,149.4,49.8,1.67
lip,7,wt.,2,Afternoon,16,card,3,4,162.62,40.66,1.5
lip,7,wt.,2,Night,19,card,1,1,32.82,32.82,1.0
lip,7,wt.,2,Night,20,card,3,4,157.72000000000003,39.43,1.5
lip,7,wt.,2,Night,21,card,3,4,157.72,39.43,1.5
lip,7,wt.,2,Night,22,card,2,3,144.5,48.17,1.67
lip,7,śr.,3,Morning,7,card,1,1,27.92,27.92,1.0
lip,7,śr.,3,Morning,8,card,1,2,111.68,55.84,2.0
lip,7,śr.,3,Morning,9,card,5,6,193.96,32.33,1.33
lip,7,śr.,3,Morning,11,card,2,2,55.84,27.92,1.0
lip,7,śr.,3,Afternoon,12,card,1,1,27.92,27.92,1.0
lip,7,śr.,3,Afternoon,13,card,5,6,252.76,42.13,1.33
lip,7,śr.,3,Afternoon,14,card,1,1,18.12,18.12,1.0
lip,7,śr.,3,Afternoon,15,card,1,1,32.82,32.82,1.0
lip,7,śr.,3,Afternoon,16,card,5,6,272.36,45.39,1.33
lip,7,śr.,3,Night,17,card,2,2,60.739999999999995,30.37,1.0
lip,7,śr.,3,Night,18,card,1,1,32.82,32.82,1.0
lip,7,śr.,3,Night,19,card,4,5,224.83999999999997,44.97,1.4
lip,7,śr.,3,Night,20,card,4,6,330.14000000000004,55.02,2.0
lip,7,śr.,3,Night,21,card,5,6,223.35999999999999,37.23,1.33
lip,7,śr.,3,Night,22,card,1,1,32.82,32.82,1.0
lip,7,czw.,4,Morning,7,card,1,1,23.02,23.02,1.0
lip,7,czw.,4,Morning,8,card,1,1,32.82,32.82,1.0
lip,7,czw.,4,Morning,10,card,3,3,88.66,29.55,1.0
lip,7,czw.,4,Morning,11,card,5,7,309.06,44.15,1.86
lip,7,czw.,4,Afternoon,13,card,1,1,32.82,32.82,1.0
lip,7,czw.,4,Afternoon,15,card,1,1,32.82,32.82,1.0
lip,7,czw.,4,Afternoon,16,card,1,1,27.92,27.92,1.0
lip,7,czw.,4,Night,18,card,1,1,32.82,32.82,1.0
lip,7,czw.,4,Night,19,card,2,2,65.64,32.82,1.0
lip,7,czw.,4,Night,21,card,3,5,246.38,49.28,1.8
lip,7,czw.,4,Night,22,card,4,4,111.68,27.92,1.0
lip,7,pt.,5,Morning,8,card,2,2,55.84,27.92,1.0
lip,7,pt.,5,Morning,9,card,4,5,203.76,40.75,1.6
lip,7,pt.,5,Morning,10,card,1,1,65.64,65.64,2.0
lip,7,pt.,5,Morning,11,card,4,4,111.68,27.92,1.0
lip,7,pt.,5,Afternoon,12,card,4,6,318.4,53.07,1.67
lip,7,pt.,5,Afternoon,13,card,3,3,98.460000000000008,32.82,1.0
lip,7,pt.,5,Afternoon,14,card,1,2,131.28,65.64,2.0
lip,7,pt.,5,Afternoon,16,card,1,2,131.28,65.64,2.0
lip,7,pt.,5,Night,17,card,2,2,55.84,27.92,1.0
lip,7,pt.,5,Night,18,card,1,1,23.02,23.02,1.0
lip,7,pt.,5,Night,19,card,1,1,27.92,27.92,1.0
lip,7,pt.,5,Night,21,card,1,1,32.82,32.82,1.0
lip,7,pt.,5,Night,22,card,7,9,402.16,44.68,1.44
lip,7,sob.,6,Morning,8,card,1,3,236.57999999999998,78.86,3.0
lip,7,sob.,6,Morning,9,card,3,3,98.460000000000008,32.82,1.0
lip,7,sob.,6,Morning,10,card,3,3,93.56,31.19,1.0
lip,7,sob.,6,Morning,11,card,2,2,60.74,30.37,1.0
lip,7,sob.,6,Afternoon,12,card,3,3,73.960000000000008,24.65,1.0
lip,7,sob.,6,Afternoon,14,card,2,2,50.94,25.47,1.0
lip,7,sob.,6,Afternoon,15,card,1,1,32.82,32.82,1.0
lip,7,sob.,6,Night,17,card,4,6,308.59999999999997,51.43,1.67
lip,7,sob.,6,Night,19,card,1,2,121.48,60.74,2.0
lip,7,sob.,6,Night,20,card,1,1,32.82,32.82,1.0
lip,7,sob.,6,Night,22,card,1,1,32.82,32.82,1.0
lip,7,niedz.,7,Morning,9,card,3,5,275.78,55.16,1.8
lip,7,niedz.,7,Morning,10,card,3,5,316.92,63.38,2.2
lip,7,niedz.,7,Morning,11,card,3,3,73.960000000000008,24.65,1.0
lip,7,niedz.,7,Afternoon,13,card,2,2,55.84,27.92,1.0
lip,7,niedz.,7,Afternoon,14,card,2,4,252.76,63.19,2.0
lip,7,niedz.,7,Night,17,card,1,1,32.82,32.82,1.0
lip,7,niedz.,7,Night,19,card,1,1,32.82,32.82,1.0
lip,7,niedz.,7,Night,20,card,1,1,32.82,32.82,1.0
lip,7,niedz.,7,Night,22,card,2,2,60.74,30.37,1.0
sie,8,pon.,1,Morning,8,card,4,5,170.94,34.19,1.4
sie,8,pon.,1,Morning,9,card,2,2,55.84,27.92,1.0
sie,8,pon.,1,Morning,10,card,2,2,65.64,32.82,1.0
sie,8,pon.,1,Morning,11,card,4,5,195.44,39.09,1.4
sie,8,pon.,1,Afternoon,12,card,1,2,92.08,46.04,2.0
sie,8,pon.,1,Afternoon,13,card,1,1,32.82,32.82,1.0
sie,8,pon.,1,Afternoon,14,card,1,2,92.080000000000013,46.04,2.0
sie,8,pon.,1,Afternoon,15,card,2,3,139.60000000000002,46.53,1.67
sie,8,pon.,1,Afternoon,16,card,1,2,131.28,65.64,2.0
sie,8,pon.,1,Night,17,card,1,2,121.48,60.74,2.0
sie,8,pon.,1,Night,18,card,2,3,149.4,49.8,1.67
sie,8,pon.,1,Night,19,card,2,2,65.64,32.82,1.0
sie,8,pon.,1,Night,20,card,1,2,131.28,65.64,2.0
sie,8,pon.,1,Night,21,card,4,4,126.38,31.59,1.0
sie,8,pon.,1,Night,22,card,3,4,187.12,46.78,1.5
sie,8,wt.,2,Morning,8,card,4,5,166.04,33.21,1.4
sie,8,wt.,2,Morning,9,card,3,3,83.76,27.92,1.0
sie,8,wt.,2,Morning,10,card,4,4,111.68,27.92,1.0
sie,8,wt.,2,Morning,11,card,5,5,134.7,26.94,1.0
sie,8,wt.,2,Afternoon,13,card,1,1,27.92,27.92,1.0
sie,8,wt.,2,Afternoon,14,card,1,1,32.82,32.82,1.0
sie,8,wt.,2,Afternoon,15,card,2,2,60.74,30.37,1.0
sie,8,wt.,2,Night,17,card,1,3,295.38,98.46,3.0
sie,8,wt.,2,Night,19,card,2,2,60.74,30.37,1.0
sie,8,wt.,2,Night,20,card,6,8,393.84,49.23,1.5
sie,8,wt.,2,Night,21,card,1,1,23.02,23.02,1.0
sie,8,śr.,3,Morning,7,card,3,3,93.56,31.19,1.0
sie,8,śr.,3,Morning,8,card,2,2,50.94,25.47,1.0
sie,8,śr.,3,Morning,10,card,3,3,73.960000000000008,24.65,1.0
sie,8,śr.,3,Morning,11,card,2,2,41.14,20.57,1.0
sie,8,śr.,3,Afternoon,12,card,5,7,282.62,40.37,1.57
sie,8,śr.,3,Afternoon,13,card,3,3,78.860000000000014,26.29,1.0
sie,8,śr.,3,Afternoon,15,card,1,1,32.82,32.82,1.0
sie,8,śr.,3,Afternoon,16,card,1,1,23.02,23.02,1.0
sie,8,śr.,3,Night,17,card,1,1,23.02,23.02,1.0
sie,8,śr.,3,Night,18,card,2,2,50.94,25.47,1.0
sie,8,śr.,3,Night,19,card,3,4,177.32,44.33,1.5
sie,8,śr.,3,Night,20,card,1,1,32.82,32.82,1.0
sie,8,śr.,3,Night,21,card,2,2,65.64,32.82,1.0
sie,8,śr.,3,Night,22,card,2,2,65.64,32.82,1.0
sie,8,czw.,4,Morning,7,card,2,2,50.94,25.47,1.0
sie,8,czw.,4,Morning,8,card,1,2,82.28,41.14,2.0
sie,8,czw.,4,Morning,9,card,5,6,238.06,39.68,1.33
sie,8,czw.,4,Morning,10,card,2,2,55.84,27.92,1.0
sie,8,czw.,4,Morning,11,card,2,2,55.84,27.92,1.0
sie,8,czw.,4,Afternoon,12,card,3,4,152.82,38.2,1.5
sie,8,czw.,4,Afternoon,13,card,3,4,177.32,44.33,1.5
sie,8,czw.,4,Afternoon,14,card,3,4,147.92000000000002,36.98,1.5
sie,8,czw.,4,Afternoon,15,card,3,3,83.759999999999991,27.92,1.0
sie,8,czw.,4,Afternoon,16,card,2,3,134.70000000000002,44.9,1.67
sie,8,czw.,4,Night,17,card,3,3,83.759999999999991,27.92,1.0
sie,8,czw.,4,Night,19,card,2,4,223.36,55.84,2.0
sie,8,czw.,4,Night,20,card,2,2,65.64,32.82,1.0
sie,8,czw.,4,Night,21,card,2,3,120.00000000000001,40.0,1.67
sie,8,pt.,5,Morning,7,card,2,2,65.64,32.82,1.0
sie,8,pt.,5,Morning,8,card,3,4,147.92,36.98,1.5
sie,8,pt.,5,Morning,9,card,4,4,106.78,26.7,1.0
sie,8,pt.,5,Morning,10,card,4,5,185.64000000000001,37.13,1.4
sie,8,pt.,5,Morning,11,card,4,4,111.68,27.92,1.0
sie,8,pt.,5,Afternoon,12,card,2,2,55.84,27.92,1.0
sie,8,pt.,5,Afternoon,13,card,2,2,50.94,25.47,1.0
sie,8,pt.,5,Afternoon,15,card,2,3,95.5,31.83,1.67
sie,8,pt.,5,Night,17,card,1,3,265.98,88.66,3.0
sie,8,pt.,5,Night,18,card,2,2,50.94,25.47,1.0
sie,8,pt.,5,Night,19,card,2,2,65.64,32.82,1.0
sie,8,pt.,5,Night,21,card,1,1,32.82,32.82,1.0
sie,8,sob.,6,Morning,8,card,5,7,287.52,41.07,1.57
sie,8,sob.,6,Morning,9,card,4,5,195.44,39.09,1.4
sie,8,sob.,6,Morning,10,card,5,7,279.66,39.95,1.86
sie,8,sob.,6,Morning,11,card,6,11,488.32000000000011,44.39,1.91
sie,8,sob.,6,Afternoon,12,card,3,3,88.66,29.55,1.0
sie,8,sob.,6,Afternoon,13,card,1,1,27.92,27.92,1.0
sie,8,sob.,6,Afternoon,16,card,4,4,116.57999999999998,29.14,1.0
sie,8,sob.,6,Night,18,card,2,2,65.64,32.82,1.0
sie,8,sob.,6,Night,21,card,4,6,323.29999999999995,53.88,1.67
sie,8,sob.,6,Night,22,card,1,1,32.82,32.82,1.0
sie,8,niedz.,7,Morning,8,card,7,8,264.5,33.06,1.25
sie,8,niedz.,7,Morning,9,card,2,3,164.10000000000002,54.7,1.67
sie,8,niedz.,7,Morning,10,card,2,2,55.84,27.92,1.0
sie,8,niedz.,7,Morning,11,card,2,4,242.96,60.74,2.0
sie,8,niedz.,7,Afternoon,12,card,3,3,88.66,29.55,1.0
sie,8,niedz.,7,Afternoon,14,card,2,2,60.74,30.37,1.0
sie,8,niedz.,7,Afternoon,15,card,3,5,285.58,57.12,1.8
sie,8,niedz.,7,Afternoon,16,card,2,2,50.94,25.47,1.0
sie,8,niedz.,7,Night,18,card,1,4,407.52000000000004,101.88,4.0
sie,8,niedz.,7,Night,21,card,3,3,88.66,29.55,1.0
sie,8,niedz.,7,Night,22,card,1,1,32.82,32.82,1.0
wrz,9,pon.,1,Morning,7,card,3,4,187.12,46.78,1.5
wrz,9,pon.,1,Morning,8,card,5,5,145.48,29.1,1.0
wrz,9,pon.,1,Morning,9,card,4,5,227.77999999999997,45.56,1.4
wrz,9,pon.,1,Morning,10,card,3,3,79.84,26.61,1.0
wrz,9,pon.,1,Morning,11,card,4,4,119.52000000000001,29.88,1.0
wrz,9,pon.,1,Afternoon,12,card,2,2,41.14,20.57,1.0
wrz,9,pon.,1,Afternoon,13,card,2,2,60.74,30.37,1.0
wrz,9,pon.,1,Afternoon,14,card,2,2,55.84,27.92,1.0
wrz,9,pon.,1,Afternoon,15,card,2,3,144.5,48.17,1.67
wrz,9,pon.,1,Afternoon,16,card,1,1,30.86,30.86,1.0
wrz,9,pon.,1,Night,17,card,4,4,126.38,31.59,1.0
wrz,9,pon.,1,Night,18,card,4,4,121.47999999999999,30.37,1.0
wrz,9,pon.,1,Night,19,card,4,5,217.98,43.6,1.4
wrz,9,pon.,1,Night,20,card,8,9,317.9,35.32,1.22
wrz,9,pon.,1,Night,21,card,4,5,208.18,41.64,1.4
wrz,9,pon.,1,Night,22,card,1,2,111.68,55.84,2.0
wrz,9,wt.,2,Morning,7,card,1,1,23.02,23.02,1.0
wrz,9,wt.,2,Morning,8,card,8,8,242.95999999999998,30.37,1.0
wrz,9,wt.,2,Morning,9,card,9,12,556.46,46.37,1.5
wrz,9,wt.,2,Afternoon,12,card,5,8,410.47999999999996,51.31,1.75
wrz,9,wt.,2,Afternoon,13,card,2,2,50.94,25.47,1.0
wrz,9,wt.,2,Afternoon,14,card,3,4,167.52,41.88,1.5
wrz,9,wt.,2,Afternoon,15,card,2,3,124.9,41.63,1.67
wrz,9,wt.,2,Afternoon,16,card,3,3,98.460000000000008,32.82,1.0
wrz,9,wt.,2,Night,18,card,5,6,213.55999999999997,35.59,1.33
wrz,9,wt.,2,Night,19,card,7,10,541.76,54.18,1.8
wrz,9,wt.,2,Night,20,card,1,1,32.82,32.82,1.0
wrz,9,wt.,2,Night,21,card,3,5,246.38000000000002,49.28,1.8
wrz,9,wt.,2,Night,22,card,2,2,65.64,32.82,1.0
wrz,9,śr.,3,Morning,7,card,1,1,32.82,32.82,1.0
wrz,9,śr.,3,Morning,8,card,1,1,32.82,32.82,1.0
wrz,9,śr.,3,Morning,9,card,1,1,27.92,27.92,1.0
wrz,9,śr.,3,Morning,10,card,1,1,32.82,32.82,1.0
wrz,9,śr.,3,Morning,11,card,6,7,256.18,36.6,1.29
wrz,9,śr.,3,Afternoon,12,card,1,1,32.82,32.82,1.0
wrz,9,śr.,3,Afternoon,13,card,2,4,233.16000000000003,58.29,2.0
wrz,9,śr.,3,Afternoon,14,card,1,1,32.82,32.82,1.0
wrz,9,śr.,3,Night,17,card,2,3,144.5,48.17,1.67
wrz,9,śr.,3,Night,18,card,1,1,32.82,32.82,1.0
wrz,9,śr.,3,Night,19,card,2,2,60.74,30.37,1.0
wrz,9,śr.,3,Night,20,card,1,3,280.68,93.56,3.0
wrz,9,śr.,3,Night,21,card,4,5,190.54,38.11,1.4
wrz,9,śr.,3,Night,22,card,1,1,27.92,27.92,1.0
wrz,9,czw.,4,Morning,8,card,3,3,83.759999999999991,27.92,1.0
wrz,9,czw.,4,Morning,9,card,1,1,27.92,27.92,1.0
wrz,9,czw.,4,Morning,10,card,5,6,198.86,33.14,1.33
wrz,9,czw.,4,Morning,11,card,3,3,83.759999999999991,27.92,1.0
wrz,9,czw.,4,Afternoon,12,card,5,7,300.74,42.96,1.71
wrz,9,czw.,4,Afternoon,13,card,2,2,73.960000000000008,36.98,1.5
wrz,9,czw.,4,Afternoon,14,card,1,1,32.82,32.82,1.0
wrz,9,czw.,4,Afternoon,15,card,1,1,32.82,32.82,1.0
wrz,9,czw.,4,Afternoon,16,card,2,2,50.94,25.47,1.0
wrz,9,czw.,4,Night,17,card,2,3,164.10000000000002,54.7,1.67
wrz,9,czw.,4,Night,18,card,1,1,32.82,32.82,1.0
wrz,9,czw.,4,Night,20,card,2,3,144.5,48.17,1.67
wrz,9,czw.,4,Night,21,card,3,5,246.38,49.28,1.8
wrz,9,czw.,4,Night,22,card,2,3,139.60000000000002,46.53,1.67
wrz,9,pt.,5,Morning,7,card,1,1,32.82,32.82,1.0
wrz,9,pt.,5,Morning,8,card,6,6,182.21999999999997,30.37,1.0
wrz,9,pt.,5,Morning,9,card,6,7,246.38,35.2,1.29
wrz,9,pt.,5,Morning,10,card,2,2,60.74,30.37,1.0
wrz,9,pt.,5,Morning,11,card,3,3,64.16,21.39,1.0
wrz,9,pt.,5,Afternoon,13,card,4,5,200.34,40.07,1.4
wrz,9,pt.,5,Afternoon,15,card,2,2,55.84,27.92,1.0
wrz,9,pt.,5,Afternoon,16,card,1,1,32.82,32.82,1.0
wrz,9,pt.,5,Night,18,card,3,4,196.92000000000002,49.23,1.5
wrz,9,pt.,5,Night,20,card,4,5,215.03999999999996,43.01,1.4
wrz,9,pt.,5,Night,21,card,2,3,144.5,48.17,1.67
wrz,9,sob.,6,Morning,8,card,2,2,60.74,30.37,1.0
wrz,9,sob.,6,Morning,9,card,4,6,254.7,42.45,1.67
wrz,9,sob.,6,Morning,10,card,4,5,151.34,30.27,1.4
wrz,9,sob.,6,Morning,11,card,4,7,338.46,48.35,1.86
wrz,9,sob.,6,Afternoon,14,card,1,1,35.76,35.76,1.0
wrz,9,sob.,6,Afternoon,15,card,3,3,98.460000000000008,32.82,1.0
wrz,9,sob.,6,Afternoon,16,card,4,5,208.18,41.64,1.4
wrz,9,sob.,6,Night,17,card,1,1,30.86,30.86,1.0
wrz,9,sob.,6,Night,18,card,1,2,131.28,65.64,2.0
wrz,9,sob.,6,Night,19,card,1,3,295.38,98.46,3.0
wrz,9,sob.,6,Night,20,card,5,8,426.15999999999997,53.27,1.75
wrz,9,sob.,6,Night,22,card,3,7,488.36,69.77,2.43
wrz,9,niedz.,7,Morning,8,card,3,3,64.16,21.39,1.0
wrz,9,niedz.,7,Morning,9,card,3,4,143.01999999999998,35.76,1.5
wrz,9,niedz.,7,Morning,10,card,5,8,523.16,65.39,2.0
wrz,9,niedz.,7,Morning,11,card,3,4,143.01999999999998,35.76,1.5
wrz,9,niedz.,7,Afternoon,12,card,9,10,346.8,34.68,1.2
wrz,9,niedz.,7,Afternoon,13,card,4,5,195.44,39.09,1.4
wrz,9,niedz.,7,Afternoon,14,card,3,4,152.82,38.2,1.5
wrz,9,niedz.,7,Afternoon,15,card,1,2,121.48,60.74,2.0
wrz,9,niedz.,7,Afternoon,16,card,1,1,32.82,32.82,1.0
wrz,9,niedz.,7,Night,17,card,3,3,98.460000000000008,32.82,1.0
wrz,9,niedz.,7,Night,18,card,1,1,35.76,35.76,1.0
wrz,9,niedz.,7,Night,20,card,3,5,265.97999999999996,53.2,1.8
wrz,9,niedz.,7,Night,21,card,2,4,242.95999999999998,60.74,2.0
wrz,9,niedz.,7,Night,22,card,3,3,86.699999999999989,28.9,1.0
paź,10,pon.,1,Morning,7,card,2,2,71.52,35.76,1.0
paź,10,pon.,1,Morning,8,card,6,7,297.34000000000003,42.48,1.29
paź,10,pon.,1,Morning,9,card,6,6,204.75999999999996,34.13,1.0
paź,10,pon.,1,Morning,10,card,4,6,298.79999999999995,49.8,1.67
paź,10,pon.,1,Morning,11,card,4,6,303.7,50.62,1.67
paź,10,pon.,1,Afternoon,12,card,5,5,168.99999999999997,33.8,1.0
paź,10,pon.,1,Afternoon,14,card,7,9,401.18000000000006,44.58,1.44
paź,10,pon.,1,Afternoon,15,card,2,2,56.82,28.41,1.0
paź,10,pon.,1,Afternoon,16,card,4,4,133.23999999999998,33.31,1.0
paź,10,pon.,1,Night,17,card,2,3,178.8,59.6,1.67
paź,10,pon.,1,Night,18,card,1,2,143.04,71.52,2.0
paź,10,pon.,1,Night,19,card,2,2,71.52,35.76,1.0
paź,10,pon.,1,Night,21,card,4,5,245.41999999999996,49.08,1.4
paź,10,pon.,1,Night,22,card,6,6,209.65999999999997,34.94,1.0
paź,10,wt.,2,Morning,7,card,2,3,178.8,59.6,1.67
paź,10,wt.,2,Morning,8,card,6,6,185.15999999999997,30.86,1.0
paź,10,wt.,2,Morning,9,card,4,4,123.44,30.86,1.0
paź,10,wt.,2,Morning,10,card,4,6,279.20000000000005,46.53,1.67
paź,10,wt.,2,Morning,11,card,5,6,276.28,46.05,1.33
paź,10,wt.,2,Afternoon,12,card,3,5,248.34,49.67,1.8
paź,10,wt.,2,Afternoon,13,card,3,4,209.65999999999997,52.41,1.5
paź,10,wt.,2,Afternoon,14,card,4,6,289.0,48.17,1.67
paź,10,wt.,2,Afternoon,15,card,5,6,222.38000000000002,37.06,1.33
paź,10,wt.,2,Afternoon,16,card,5,5,168.99999999999997,33.8,1.0
paź,10,wt.,2,Night,17,card,1,1,35.76,35.76,1.0
paź,10,wt.,2,Night,18,card,4,6,328.2,54.7,1.67
paź,10,wt.,2,Night,19,card,5,8,476.13999999999993,59.52,1.75
paź,10,wt.,2,Night,20,card,5,7,393.35999999999996,56.19,1.57
paź,10,wt.,2,Night,21,card,3,4,194.96,48.74,1.5
paź,10,wt.,2,Night,22,card,1,1,35.76,35.76,1.0
paź,10,śr.,3,Morning,7,card,4,4,143.04,35.76,1.0
paź,10,śr.,3,Morning,8,card,6,7,277.74,39.68,1.29
paź,10,śr.,3,Morning,9,card,5,5,168.99999999999997,33.8,1.0
paź,10,śr.,3,Morning,10,card,7,9,410.97999999999996,45.66,1.44
paź,10,śr.,3,Morning,11,card,3,3,87.68,29.23,1.0
paź,10,śr.,3,Afternoon,12,card,5,6,241.98,40.33,1.33
paź,10,śr.,3,Afternoon,13,card,3,3,92.58,30.86,1.0
paź,10,śr.,3,Afternoon,15,card,2,3,178.8,59.6,1.67
paź,10,śr.,3,Afternoon,16,card,4,5,225.82,45.16,1.4
paź,10,śr.,3,Night,17,card,4,5,196.42,39.28,1.4
paź,10,śr.,3,Night,18,card,3,3,143.04,47.68,1.33
paź,10,śr.,3,Night,19,card,4,5,256.68,51.34,1.6
paź,10,śr.,3,Night,20,card,1,1,35.76,35.76,1.0
paź,10,śr.,3,Night,21,card,3,3,102.38,34.13,1.0
paź,10,śr.,3,Night,22,card,3,4,214.56,53.64,1.5
paź,10,czw.,4,Morning,7,card,3,3,107.28,35.76,1.0
paź,10,czw.,4,Morning,8,card,2,2,61.72,30.86,1.0
paź,10,czw.,4,Morning,9,card,4,4,128.34,32.09,1.0
paź,10,czw.,4,Morning,10,card,5,6,246.88,41.15,1.33
paź,10,czw.,4,Morning,11,card,2,2,66.62,33.31,1.0
paź,10,czw.,4,Afternoon,12,card,1,1,25.96,25.96,1.0
paź,10,czw.,4,Afternoon,13,card,3,3,107.28,35.76,1.0
paź,10,czw.,4,Afternoon,14,card,3,4,204.76,51.19,1.5
paź,10,czw.,4,Afternoon,15,card,4,5,245.41999999999996,49.08,1.4
paź,10,czw.,4,Afternoon,16,card,3,6,495.7399999999999,82.62,2.33
paź,10,czw.,4,Night,17,card,2,3,178.8,59.6,1.67
paź,10,czw.,4,Night,18,card,3,5,263.04,52.61,1.8
paź,10,czw.,4,Night,19,card,2,2,71.52,35.76,1.0
paź,10,czw.,4,Night,20,card,3,4,180.26,45.06,1.5
paź,10,czw.,4,Night,21,card,6,12,1072.8,89.4,2.5
paź,10,czw.,4,Night,22,card,1,2,143.04,71.52,2.0
paź,10,pt.,5,Morning,7,card,3,3,87.68,29.23,1.0
paź,10,pt.,5,Morning,8,card,11,14,661.3,47.24,1.43
paź,10,pt.,5,Morning,9,card,7,9,396.28,44.03,1.44
paź,10,pt.,5,Morning,10,card,4,6,269.40000000000003,44.9,1.67
paź,10,pt.,5,Morning,11,card,2,3,178.8,59.6,1.67
paź,10,pt.,5,Afternoon,12,card,2,2,61.72,30.86,1.0
paź,10,pt.,5,Afternoon,13,card,2,3,139.60000000000002,46.53,1.67
paź,10,pt.,5,Afternoon,14,card,4,6,338.0,56.33,1.67
paź,10,pt.,5,Afternoon,15,card,1,1,25.96,25.96,1.0
paź,10,pt.,5,Afternoon,16,card,1,1,35.76,35.76,1.0
paź,10,pt.,5,Night,17,card,5,7,393.35999999999996,56.19,1.57
paź,10,pt.,5,Night,21,card,4,5,240.51999999999998,48.1,1.4
paź,10,pt.,5,Night,22,card,3,5,292.44,58.49,1.8
paź,10,sob.,6,Morning,7,card,1,1,35.76,35.76,1.0
paź,10,sob.,6,Morning,8,card,4,4,118.53999999999999,29.63,1.0
paź,10,sob.,6,Morning,9,card,2,3,139.60000000000002,46.53,1.67
paź,10,sob.,6,Morning,10,card,2,3,129.8,43.27,1.67
paź,10,sob.,6,Morning,11,card,2,2,66.62,33.31,1.0
paź,10,sob.,6,Afternoon,12,card,1,1,35.76,35.76,1.0
paź,10,sob.,6,Afternoon,13,card,4,4,143.04,35.76,1.0
paź,10,sob.,6,Afternoon,14,card,2,3,169.0,56.33,1.67
paź,10,sob.,6,Afternoon,15,card,5,8,451.63999999999993,56.45,1.75
paź,10,sob.,6,Afternoon,16,card,2,2,71.52,35.76,1.0
paź,10,sob.,6,Night,19,card,1,1,35.76,35.76,1.0
paź,10,sob.,6,Night,20,card,3,4,170.46,42.62,1.5
paź,10,sob.,6,Night,21,card,1,1,35.76,35.76,1.0
paź,10,sob.,6,Night,22,card,1,1,35.76,35.76,1.0
paź,10,niedz.,7,Morning,8,card,2,3,169.0,56.33,1.67
paź,10,niedz.,7,Morning,9,card,1,1,25.96,25.96,1.0
paź,10,niedz.,7,Morning,10,card,1,2,123.44,61.72,2.0
paź,10,niedz.,7,Morning,11,card,3,3,102.38,34.13,1.0
paź,10,niedz.,7,Afternoon,12,card,3,6,471.24,78.54,2.33
paź,10,niedz.,7,Afternoon,13,card,4,9,685.28000000000009,76.14,2.56
paź,10,niedz.,7,Afternoon,14,card,1,2,123.44,61.72,2.0
paź,10,niedz.,7,Afternoon,15,card,1,1,30.86,30.86,1.0
paź,10,niedz.,7,Afternoon,16,card,4,5,235.61999999999995,47.12,1.4
paź,10,niedz.,7,Night,17,card,2,3,178.8,59.6,1.67
paź,10,niedz.,7,Night,18,card,4,5,245.41999999999996,49.08,1.4
paź,10,niedz.,7,Night,20,card,1,1,35.76,35.76,1.0
paź,10,niedz.,7,Night,21,card,7,8,347.79999999999995,43.48,1.25
paź,10,niedz.,7,Night,22,card,1,1,35.76,35.76,1.0
lis,11,pon.,1,Morning,7,card,7,7,240.51999999999995,34.36,1.0
lis,11,pon.,1,Morning,8,card,1,2,133.24,66.62,2.0
lis,11,pon.,1,Morning,9,card,2,2,61.72,30.86,1.0
lis,11,pon.,1,Morning,10,card,2,2,51.92,25.96,1.0
lis,11,pon.,1,Afternoon,12,card,4,4,128.34,32.09,1.0
lis,11,pon.,1,Afternoon,14,card,1,2,143.04,71.52,2.0
lis,11,pon.,1,Afternoon,16,card,4,5,250.32,50.06,1.4
lis,11,pon.,1,Night,17,card,1,1,35.76,35.76,1.0
lis,11,pon.,1,Night,18,card,1,1,35.76,35.76,1.0
lis,11,pon.,1,Night,19,card,4,4,138.14,34.53,1.0
lis,11,pon.,1,Night,21,card,2,4,286.08,71.52,2.0
lis,11,wt.,2,Morning,7,card,6,7,297.34,42.48,1.29
lis,11,wt.,2,Morning,9,card,2,3,164.10000000000002,54.7,1.67
lis,11,wt.,2,Morning,10,card,3,3,97.47999999999999,32.49,1.0
lis,11,wt.,2,Morning,11,card,6,7,312.03999999999996,44.58,1.29
lis,11,wt.,2,Afternoon,13,card,1,1,35.76,35.76,1.0
lis,11,wt.,2,Afternoon,14,card,3,3,107.28,35.76,1.0
lis,11,wt.,2,Afternoon,16,card,6,9,607.92,67.55,1.89
lis,11,wt.,2,Night,17,card,1,2,113.64,56.82,2.0
lis,11,wt.,2,Night,18,card,2,4,357.6,89.4,2.5
lis,11,wt.,2,Night,19,card,1,1,35.76,35.76,1.0
lis,11,wt.,2,Night,20,card,2,2,71.52,35.76,1.0
lis,11,wt.,2,Night,21,card,2,3,178.8,59.6,1.67
lis,11,wt.,2,Night,22,card,1,2,133.24,66.62,2.0
lis,11,śr.,3,Morning,8,card,2,2,66.62,33.31,1.0
lis,11,śr.,3,Morning,10,card,1,1,35.76,35.76,1.0
lis,11,śr.,3,Morning,11,card,1,1,21.06,21.06,1.0
lis,11,śr.,3,Afternoon,13,card,3,4,180.26,45.06,1.5
lis,11,śr.,3,Afternoon,14,card,2,2,66.62,33.31,1.0
lis,11,śr.,3,Afternoon,15,card,1,1,35.76,35.76,1.0
lis,11,śr.,3,Afternoon,16,card,3,3,107.28,35.76,1.0
lis,11,śr.,3,Night,17,card,1,2,143.04,71.52,2.0
lis,11,śr.,3,Night,18,card,1,2,143.04,71.52,2.0
lis,11,czw.,4,Morning,8,card,1,1,35.76,35.76,1.0
lis,11,czw.,4,Morning,9,card,2,2,66.62,33.31,1.0
lis,11,czw.,4,Morning,10,card,1,1,25.96,25.96,1.0
lis,11,czw.,4,Morning,11,card,1,1,25.96,25.96,1.0
lis,11,czw.,4,Afternoon,12,card,4,4,128.33999999999997,32.08,1.0
lis,11,czw.,4,Afternoon,13,card,1,1,35.76,35.76,1.0
lis,11,czw.,4,Afternoon,15,card,3,4,204.76,51.19,1.5
lis,11,czw.,4,Afternoon,16,card,3,4,194.96,48.74,1.5
lis,11,czw.,4,Night,17,card,2,2,56.82,28.41,1.0
lis,11,czw.,4,Night,18,card,1,1,35.76,35.76,1.0
lis,11,czw.,4,Night,19,card,3,5,321.84,64.37,1.8
lis,11,czw.,4,Night,20,card,5,6,281.17999999999995,46.86,1.33
lis,11,czw.,4,Night,21,card,1,1,35.76,35.76,1.0
lis,11,czw.,4,Night,22,card,2,2,71.52,35.76,1.0
lis,11,pt.,5,Morning,7,card,3,3,107.28,35.76,1.0
lis,11,pt.,5,Morning,8,card,3,3,92.58,30.86,1.0
lis,11,pt.,5,Morning,9,card,3,5,258.14,51.63,1.8
lis,11,pt.,5,Morning,10,card,2,2,71.52,35.76,1.0
lis,11,pt.,5,Morning,11,card,4,4,138.14,34.53,1.0
lis,11,pt.,5,Afternoon,12,card,3,4,214.56,53.64,1.5
lis,11,pt.,5,Afternoon,13,card,2,3,178.8,59.6,1.67
lis,11,pt.,5,Afternoon,15,card,4,4,118.53999999999999,29.63,1.0
lis,11,pt.,5,Afternoon,16,card,3,4,204.76,51.19,1.5
lis,11,pt.,5,Night,17,card,2,2,66.62,33.31,1.0
lis,11,pt.,5,Night,18,card,2,3,159.2,53.07,1.67
lis,11,pt.,5,Night,20,card,3,4,214.56,53.64,1.5
lis,11,pt.,5,Night,22,card,2,2,66.62,33.31,1.0
lis,11,sob.,6,Morning,8,card,1,1,25.96,25.96,1.0
lis,11,sob.,6,Morning,9,card,1,2,103.84,51.92,2.0
lis,11,sob.,6,Morning,10,card,6,6,185.16,30.86,1.0
lis,11,sob.,6,Morning,11,card,8,10,412.44,41.24,1.4
lis,11,sob.,6,Afternoon,12,card,4,5,245.41999999999996,49.08,1.4
lis,11,sob.,6,Afternoon,13,card,3,5,316.93999999999994,63.39,1.8
lis,11,sob.,6,Afternoon,14,card,6,8,389.91999999999996,48.74,1.5
lis,11,sob.,6,Afternoon,15,card,2,2,61.72,30.86,1.0
lis,11,sob.,6,Afternoon,16,card,3,5,321.84,64.37,1.8
lis,11,sob.,6,Night,18,card,2,2,56.82,28.41,1.0
lis,11,sob.,6,Night,20,card,1,2,123.44,61.72,2.0
lis,11,sob.,6,Night,22,card,5,5,154.29999999999998,30.86,1.0
lis,11,niedz.,7,Morning,8,card,2,2,61.72,30.86,1.0
lis,11,niedz.,7,Morning,9,card,2,3,149.4,49.8,1.67
lis,11,niedz.,7,Morning,10,card,1,1,30.86,30.86,1.0
lis,11,niedz.,7,Afternoon,13,card,5,6,256.68,42.78,1.33
lis,11,niedz.,7,Afternoon,14,card,2,2,56.82,28.41,1.0
lis,11,niedz.,7,Afternoon,16,card,3,6,389.91999999999996,64.99,2.0
lis,11,niedz.,7,Night,17,card,1,1,35.76,35.76,1.0
lis,11,niedz.,7,Night,18,card,3,3,107.28,35.76,1.0
lis,11,niedz.,7,Night,19,card,1,2,143.04,71.52,2.0
lis,11,niedz.,7,Night,20,card,2,3,178.8,59.6,1.67
gru,12,pon.,1,Morning,7,card,3,3,97.47999999999999,32.49,1.0
gru,12,pon.,1,Morning,8,card,5,5,173.89999999999998,34.78,1.0
gru,12,pon.,1,Morning,9,card,6,6,170.45999999999998,28.41,1.0
gru,12,pon.,1,Morning,10,card,1,1,30.86,30.86,1.0
gru,12,pon.,1,Morning,11,card,2,2,61.72,30.86,1.0
gru,12,pon.,1,Afternoon,12,card,1,1,30.86,30.86,1.0
gru,12,pon.,1,Afternoon,13,card,3,4,204.76,51.19,1.5
gru,12,pon.,1,Afternoon,14,card,2,2,71.52,35.76,1.0
gru,12,pon.,1,Afternoon,15,card,3,4,185.16000000000003,46.29,1.5
gru,12,pon.,1,Afternoon,16,card,5,5,164.1,32.82,1.0
gru,12,pon.,1,Night,17,card,2,3,149.4,49.8,1.67
gru,12,pon.,1,Night,18,card,2,3,169.0,56.33,1.67
gru,12,pon.,1,Night,20,card,1,1,25.96,25.96,1.0
gru,12,pon.,1,Night,21,card,1,1,35.76,35.76,1.0
gru,12,wt.,2,Morning,8,card,4,4,123.44,30.86,1.0
gru,12,wt.,2,Morning,9,card,3,5,282.64,56.53,1.8
gru,12,wt.,2,Morning,10,card,2,3,154.3,51.43,1.67
gru,12,wt.,2,Morning,11,card,4,6,313.5,52.25,1.67
gru,12,wt.,2,Afternoon,12,card,1,1,25.96,25.96,1.0
gru,12,wt.,2,Afternoon,15,card,2,3,124.9,41.63,1.67
gru,12,wt.,2,Afternoon,16,card,3,4,194.96,48.74,1.5
gru,12,wt.,2,Night,17,card,5,5,164.1,32.82,1.0
gru,12,wt.,2,Night,18,card,2,2,71.52,35.76,1.0
gru,12,wt.,2,Night,19,card,4,6,328.2,54.7,1.67
gru,12,wt.,2,Night,20,card,1,1,35.76,35.76,1.0
gru,12,wt.,2,Night,21,card,1,3,321.84000000000003,107.28,3.0
gru,12,wt.,2,Night,22,card,2,2,66.62,33.31,1.0
gru,12,śr.,3,Morning,7,card,1,1,35.76,35.76,1.0
gru,12,śr.,3,Morning,8,card,3,3,97.47999999999999,32.49,1.0
gru,12,śr.,3,Morning,9,card,2,2,61.72,30.86,1.0
gru,12,śr.,3,Morning,10,card,6,10,666.19999999999993,66.62,2.0
gru,12,śr.,3,Morning,11,card,1,1,30.86,30.86,1.0
gru,12,śr.,3,Afternoon,12,card,3,4,170.45999999999998,42.61,1.5
gru,12,śr.,3,Afternoon,13,card,2,2,56.82,28.41,1.0
gru,12,śr.,3,Afternoon,14,card,1,1,35.76,35.76,1.0
gru,12,śr.,3,Night,17,card,1,1,35.76,35.76,1.0
gru,12,śr.,3,Night,20,card,1,1,35.76,35.76,1.0
gru,12,śr.,3,Night,21,card,4,5,250.32,50.06,1.4
gru,12,śr.,3,Night,22,card,1,2,133.24,66.62,2.0
gru,12,czw.,4,Morning,7,card,1,1,30.86,30.86,1.0
gru,12,czw.,4,Morning,8,card,1,1,25.96,25.96,1.0
gru,12,czw.,4,Morning,9,card,1,1,25.96,25.96,1.0
gru,12,czw.,4,Morning,10,card,2,3,159.2,53.07,1.67
gru,12,czw.,4,Morning,11,card,3,3,92.58,30.86,1.0
gru,12,czw.,4,Afternoon,12,card,2,2,47.019999999999996,23.51,1.0
gru,12,czw.,4,Afternoon,13,card,2,2,71.52,35.76,1.0
gru,12,czw.,4,Afternoon,14,card,1,1,35.76,35.76,1.0
gru,12,czw.,4,Afternoon,15,card,2,2,56.819999999999993,28.41,1.0
gru,12,czw.,4,Afternoon,16,card,2,4,240.0,60.0,2.5
gru,12,czw.,4,Night,19,card,4,6,347.79999999999995,57.97,1.67
gru,12,czw.,4,Night,21,card,1,2,143.04,71.52,2.0
gru,12,pt.,5,Morning,7,card,1,1,25.96,25.96,1.0
gru,12,pt.,5,Morning,8,card,2,2,51.92,25.96,1.0
gru,12,pt.,5,Morning,9,card,2,2,56.82,28.41,1.0
gru,12,pt.,5,Morning,10,card,3,3,92.58,30.86,1.0
gru,12,pt.,5,Morning,11,card,1,1,35.76,35.76,1.0
gru,12,pt.,5,Afternoon,12,card,3,5,253.24,50.65,1.8
gru,12,pt.,5,Afternoon,14,card,2,2,61.72,30.86,1.0
gru,12,pt.,5,Afternoon,16,card,2,2,71.52,35.76,1.0
gru,12,pt.,5,Night,17,card,1,1,35.76,35.76,1.0
gru,12,pt.,5,Night,18,card,2,2,71.52,35.76,1.0
gru,12,pt.,5,Night,19,card,2,4,256.68,64.17,2.0
gru,12,pt.,5,Night,21,card,1,1,35.76,35.76,1.0
gru,12,pt.,5,Night,22,card,2,3,178.8,59.6,1.67
gru,12,sob.,6,Morning,8,card,1,1,30.86,30.86,1.0
gru,12,sob.,6,Morning,9,card,3,3,87.68,29.23,1.0
gru,12,sob.,6,Morning,10,card,4,5,235.62,47.12,1.4
gru,12,sob.,6,Morning,11,card,2,2,66.62,33.31,1.0
gru,12,sob.,6,Afternoon,13,card,1,2,123.44,61.72,2.0
gru,12,sob.,6,Afternoon,14,card,3,3,97.47999999999999,32.49,1.0
gru,12,sob.,6,Afternoon,15,card,4,5,245.41999999999996,49.08,1.4
gru,12,sob.,6,Afternoon,16,card,2,3,139.60000000000002,46.53,1.67
gru,12,sob.,6,Night,17,card,3,4,175.36,43.84,1.5
gru,12,sob.,6,Night,18,card,3,3,92.58,30.86,1.0
gru,12,sob.,6,Night,19,card,2,3,149.4,49.8,1.67
gru,12,sob.,6,Night,21,card,2,2,61.72,30.86,1.0
gru,12,sob.,6,Night,22,card,4,4,118.53999999999999,29.63,1.0
gru,12,niedz.,7,Morning,8,card,1,1,25.96,25.96,1.0
gru,12,niedz.,7,Morning,10,card,4,6,333.09999999999997,55.52,1.67
gru,12,niedz.,7,Morning,11,card,1,2,143.04,71.52,2.0
gru,12,niedz.,7,Afternoon,12,card,1,1,25.96,25.96,1.0
gru,12,niedz.,7,Afternoon,13,card,2,3,149.4,49.8,1.67
gru,12,niedz.,7,Afternoon,14,card,1,1,30.86,30.86,1.0
gru,12,niedz.,7,Afternoon,15,card,5,7,344.36,49.19,1.57
gru,12,niedz.,7,Afternoon,16,card,2,2,71.52,35.76,1.0
gru,12,niedz.,7,Night,17,card,5,6,241.98,40.33,1.33
gru,12,niedz.,7,Night,18,card,3,3,87.68,29.23,1.0
gru,12,niedz.,7,Night,19,card,2,3,169.0,56.33,1.67
gru,12,niedz.,7,Night,20,card,3,3,107.28,35.76,1.0
gru,12,niedz.,7,Night,21,card,5,5,159.2,31.84,1.0